Year-DOY,Year,DOY,DOW,Date,ETref,tKcb,Kcb,h,Kcmax,fc,fw,few,De,Kr,Ke,E,DPe,Kc,ETc,TAW,TAWrmax,TAWb,Zr,p,RAW,Ks,Kcadj,ETcadj,T,DP,Dinc,Dr,fDr,Drmax,fDrmax,Db,fDb,Irrig,IrrLoss,Rain,Runoff,Year,DOY,DOW,Date
2022-105,2022,105,Fri,4/15/2022,1.638,0.15,0.15,0.01,1.187,0,1,1,19.35,0,0,0,0,0.15,0.246,15.7,94.5,78.8,0.1,0.35,5.495,1,0.15,0.246,0.246,0,0,0.246,0.016,0.246,0.003,0,0,0,0,0,0,2022,105,Fri,4/15/2022
2022-106,2022,106,Sat,4/16/2022,3.012,0.15,0.15,0.01,1.212,0,1,1,17.15,0,0,0,0,0.15,0.452,15.7,94.5,78.8,0.1,0.35,5.495,1,0.15,0.452,0.452,1.503,0,0,0,0,0,0,0,0,0,2.2,0,2022,106,Sat,4/16/2022
2022-107,2022,107,Sun,4/17/2022,2.607,0.15,0.15,0.01,1.204,0,1,1,17.734,0.213,0.224,0.584,0,0.374,0.975,15.7,94.5,78.8,0.1,0.35,5.495,1,0.374,0.975,0.391,0,0,0.975,0.062,0.975,0.01,0,0,0,0,0,0,2022,107,Sun,4/17/2022
2022-108,2022,108,Mon,4/18/2022,4.629,0.15,0.15,0.01,1.221,0,1,1,18.508,0.156,0.167,0.774,0,0.317,1.468,15.7,94.5,78.8,0.1,0.35,5.495,1,0.317,1.468,0.694,0,0,2.443,0.156,2.443,0.026,0,0,0,0,0,0,2022,108,Mon,4/18/2022
2022-109,2022,109,Tue,4/19/2022,2.203,0.15,0.15,0.01,1.2,0,1,1,18.696,0.081,0.085,0.188,0,0.235,0.519,15.7,94.5,78.8,0.1,0.35,5.495,1,0.235,0.519,0.33,0,0,2.962,0.189,2.962,0.031,0,0,0,0,0,0,2022,109,Tue,4/19/2022
2022-110,2022,110,Wed,4/20/2022,3.575,0.15,0.15,0.01,1.209,0,1,1,18.935,0.063,0.067,0.239,0,0.217,0.775,15.7,94.5,78.8,0.1,0.35,5.495,1,0.217,0.775,0.536,0,0,3.737,0.238,3.737,0.04,0,0,0,0,0,0,2022,110,Wed,4/20/2022
2022-111,2022,111,Thu,4/21/2022,2.738,0.15,0.15,0.01,1.198,0,1,1,17.95,0.04,0.042,0.115,0,0.192,0.526,15.7,94.5,78.8,0.1,0.35,5.495,1,0.192,0.526,0.411,0,0,3.163,0.201,3.163,0.033,0,0,0,0,1.1,0,2022,111,Thu,4/21/2022
2022-112,2022,112,Fri,4/22/2022,3.013,0.15,0.15,0.01,1.215,0,1,1,18.084,0.135,0.144,0.434,0,0.294,0.886,15.7,94.5,78.8,0.1,0.35,5.495,1,0.294,0.886,0.452,0,0,3.749,0.239,3.749,0.04,0,0,0,0,0.3,0,2022,112,Fri,4/22/2022
2022-113,2022,113,Sat,4/23/2022,3.676,0.15,0.15,0.01,1.222,0,1,1,18.566,0.122,0.131,0.482,0,0.281,1.033,15.7,94.5,78.8,0.1,0.35,5.495,1,0.281,1.033,0.551,0,0,4.782,0.305,4.782,0.051,0,0,0,0,0,0,2022,113,Sat,4/23/2022
2022-114,2022,114,Sun,4/24/2022,3.512,0.15,0.15,0.01,1.207,0,1,1,18.847,0.076,0.08,0.281,0,0.23,0.808,15.7,94.5,78.8,0.1,0.35,5.495,1,0.23,0.808,0.527,0,0,5.59,0.356,5.59,0.059,0,0,0,0,0,0,2022,114,Sun,4/24/2022
2022-115,2022,115,Mon,4/25/2022,4.492,0.15,0.15,0.01,1.221,0,1,1,13.491,0.049,0.052,0.234,0,0.202,0.908,15.7,94.5,78.8,0.1,0.35,5.495,0.991,0.201,0.901,0.668,0,0,0.901,0.057,0.901,0.01,0,0,5.59,0,0,0,2022,115,Mon,4/25/2022
2022-116,2022,116,Tue,4/26/2022,4.045,0.15,0.15,0.01,1.216,0,1,1,15.932,0.566,0.603,2.441,0,0.753,3.048,15.7,94.5,78.8,0.1,0.35,5.495,1,0.753,3.048,0.607,0,0,3.949,0.252,3.949,0.042,0,0,0,0,0,0,2022,116,Tue,4/26/2022
2022-117,2022,117,Wed,4/27/2022,3.131,0.15,0.15,0.01,1.203,0,1,1,17.021,0.33,0.348,1.089,0,0.498,1.559,15.7,94.5,78.8,0.1,0.35,5.495,1,0.498,1.559,0.47,0,0,5.508,0.351,5.508,0.058,0,0,0,0,0,0,2022,117,Wed,4/27/2022
2022-118,2022,118,Thu,4/28/2022,4.037,0.15,0.15,0.01,1.217,0,1,1,11.683,0.225,0.24,0.97,0,0.39,1.575,15.7,94.5,78.8,0.1,0.35,5.495,0.999,0.39,1.574,0.605,0,0,0.774,0.049,0.774,0.008,0,0,5.508,0,0.8,0,2022,118,Thu,4/28/2022
2022-119,2022,119,Fri,4/29/2022,3.594,0.15,0.15,0.01,1.221,0,1,1,14.535,0.741,0.794,2.852,0,0.944,3.392,15.7,94.5,78.8,0.1,0.35,5.495,1,0.944,3.392,0.539,0,0,4.166,0.265,4.166,0.044,0,0,0,0,0,0,2022,119,Fri,4/29/2022
2022-120,2022,120,Sat,4/30/2022,3.495,0.15,0.15,0.01,1.214,0,1,1,12.264,0.465,0.495,1.729,0,0.645,2.253,15.7,94.5,78.8,0.1,0.35,5.495,1,0.645,2.253,0.524,0,0,2.419,0.154,2.419,0.026,0,0,0,0,4,0,2022,120,Sat,4/30/2022
2022-121,2022,121,Sun,5/1/2022,2.222,0.15,0.15,0.01,1.202,0,1,1,9.765,0.685,0.721,1.601,0,0.871,1.934,15.7,94.5,78.8,0.1,0.35,5.495,1,0.871,1.934,0.333,0,0,0.254,0.016,0.254,0.003,0,0,0,0,4.1,0,2022,121,Sun,5/1/2022
2022-122,2022,122,Mon,5/2/2022,4.297,0.15,0.15,0.01,1.218,0,1,1,5.814,0.926,0.989,4.249,0,1.139,4.893,15.7,94.5,78.8,0.1,0.35,5.495,1,1.139,4.893,0.644,3.053,0,0,0,0,0,0,0,0,0,8.2,0,2022,122,Mon,5/2/2022
2022-123,2022,123,Tue,5/3/2022,1.625,0.15,0.15,0.01,1.2,0,1,1,3.22,1,1.05,1.706,0,1.2,1.95,15.7,94.5,78.8,0.1,0.35,5.495,1,1.2,1.95,0.244,2.35,0,0,0,0,0,0,0,0,0,4.3,0,2022,123,Tue,5/3/2022
2022-124,2022,124,Wed,5/4/2022,4.017,0.15,0.15,0.01,1.202,0,1,1,7.447,1,1.052,4.227,0,1.202,4.83,15.7,94.5,78.8,0.1,0.35,5.495,1,1.202,4.83,0.603,0,0,4.83,0.308,4.83,0.051,0,0,0,0,0,0,2022,124,Wed,5/4/2022
2022-125,2022,125,Thu,5/5/2022,5.094,0.15,0.15,0.01,1.219,0,1,1,12.392,1,1.069,5.445,0,1.219,6.209,15.7,94.5,78.8,0.1,0.35,5.495,1,1.219,6.209,0.764,0,0,10.538,0.671,10.538,0.112,0,0,0,0,0.5,0,2022,125,Thu,5/5/2022
2022-126,2022,126,Fri,5/6/2022,3.419,0.15,0.15,0.01,1.204,0,1,1,3.577,0.672,0.709,2.423,0,0.859,2.936,15.7,94.5,78.8,0.1,0.35,5.495,0.506,0.785,2.683,0.259,0,0,1.983,0.126,1.983,0.021,0,0,10.538,0,0.7,0,2022,126,Fri,5/6/2022
2022-127,2022,127,Sat,5/7/2022,3.411,0.15,0.15,0.01,1.22,0,1,1,6.125,1,1.07,3.648,0,1.22,4.16,15.7,94.5,78.8,0.1,0.35,5.495,1,1.22,4.16,0.512,0,0,5.042,0.321,5.042,0.053,0,0,0,0,1.1,0,2022,127,Sat,5/7/2022
2022-128,2022,128,Sun,5/8/2022,2.635,0.15,0.15,0.01,1.198,0,1,1,6.387,1,1.048,2.762,0,1.198,3.157,15.7,94.5,78.8,0.1,0.35,5.495,1,1.198,3.157,0.395,0,0,5.7,0.363,5.7,0.06,0,0,0,0,2.5,0,2022,128,Sun,5/8/2022
2022-129,2022,129,Mon,5/9/2022,2.499,0.15,0.15,0.01,1.213,0,1,1,3.344,1,1.063,2.657,0,1.213,3.031,15.7,94.5,78.8,0.1,0.35,5.495,0.98,1.21,3.024,0.367,0,0,3.024,0.193,3.024,0.032,0,0,5.7,0,0,0,2022,129,Mon,5/9/2022
2022-130,2022,130,Tue,5/10/2022,2.484,0.15,0.15,0.01,1.203,0,1,1,5.96,1,1.053,2.616,0,1.203,2.989,15.7,94.5,78.8,0.1,0.35,5.495,1,1.203,2.989,0.373,0,0,6.012,0.383,6.012,0.064,0,0,0,0,0,0,2022,130,Tue,5/10/2022
2022-131,2022,131,Wed,5/11/2022,3.6,0.15,0.15,0.01,1.215,0,1,1,3.835,1,1.065,3.835,0.053,1.215,4.375,15.7,94.5,78.8,0.1,0.35,5.495,0.949,1.208,4.348,0.513,0,0,4.348,0.277,4.348,0.046,0,0,6.012,0,0,0,2022,131,Wed,5/11/2022
2022-132,2022,132,Thu,5/12/2022,4.471,0.15,0.15,0.01,1.217,0,1,1,8.607,1,1.067,4.771,0,1.217,5.442,15.7,94.5,78.8,0.1,0.35,5.495,1,1.217,5.442,0.671,0,0,9.79,0.624,9.79,0.104,0,0,0,0,0,0,2022,132,Thu,5/12/2022
2022-133,2022,133,Fri,5/13/2022,4.002,0.15,0.15,0.01,1.213,0,1,1,4.255,1,1.063,4.255,1.183,1.213,4.855,15.7,94.5,78.8,0.1,0.35,5.495,0.579,1.15,4.603,0.348,0,0,4.603,0.293,4.603,0.049,0,0,9.79,0,0,0,2022,133,Fri,5/13/2022
2022-134,2022,134,Sat,5/14/2022,4.455,0.15,0.15,0.01,1.211,0,1,1,8.984,1,1.061,4.728,0,1.211,5.397,15.7,94.5,78.8,0.1,0.35,5.495,1,1.211,5.397,0.668,0,0,9.999,0.637,9.999,0.106,0,0,0,0,0,0,2022,134,Sat,5/14/2022
2022-135,2022,135,Sun,5/15/2022,6.091,0.15,0.15,0.01,1.217,0,1,1,6.502,1,1.067,6.502,1.016,1.217,7.415,15.7,94.5,78.8,0.1,0.35,5.495,0.559,1.151,7.012,0.51,0,0,7.012,0.447,7.012,0.074,0,0,9.999,0,0,0,2022,135,Sun,5/15/2022
2022-136,2022,136,Mon,5/16/2022,5.417,0.15,0.15,0.01,1.213,0,1,1,5.759,1,1.063,5.759,0.51,1.213,6.572,15.7,94.5,78.8,0.1,0.35,5.495,0.851,1.191,6.451,0.692,0,0,6.451,0.411,6.451,0.068,0,0,7.012,0,0,0,2022,136,Mon,5/16/2022
2022-137,2022,137,Tue,5/17/2022,5.465,0.15,0.15,0.01,1.217,0,1,1,5.83,1,1.067,5.83,0.692,1.217,6.65,15.7,94.5,78.8,0.1,0.35,5.495,0.906,1.203,6.573,0.743,0,0,6.573,0.419,6.573,0.07,0,0,6.451,0,0,0,2022,137,Tue,5/17/2022
2022-138,2022,138,Wed,5/18/2022,5.605,0.15,0.15,0.01,1.22,0,1,1,5.995,1,1.07,5.995,0.743,1.22,6.836,15.7,94.5,78.8,0.1,0.35,5.495,0.894,1.204,6.747,0.752,0,0,6.747,0.43,6.747,0.071,0,0,6.573,0,0,0,2022,138,Wed,5/18/2022
2022-139,2022,139,Thu,5/19/2022,3.18,0.15,0.15,0.01,1.229,0,1,1,3.431,1,1.079,3.431,0.752,1.229,3.908,15.7,94.5,78.8,0.1,0.35,5.495,0.877,1.211,3.85,0.418,0,0,3.85,0.245,3.85,0.041,0,0,6.747,0,0,0,2022,139,Thu,5/19/2022
2022-140,2022,140,Fri,5/20/2022,4.328,0.15,0.15,0.01,1.217,0,1,1,8.05,1,1.067,4.618,0,1.217,5.268,15.7,94.5,78.8,0.1,0.35,5.495,1,1.217,5.268,0.649,0,0,9.117,0.581,9.117,0.096,0,0,0,0,0,0,2022,140,Fri,5/20/2022
2022-141,2022,141,Sat,5/21/2022,4.182,0.15,0.15,0.01,1.213,0,1,1,4.445,1,1.063,4.445,1.068,1.213,5.072,15.7,94.5,78.8,0.1,0.35,5.495,0.645,1.16,4.849,0.405,0,0,4.849,0.309,4.849,0.051,0,0,9.117,0,0,0,2022,141,Sat,5/21/2022
2022-142,2022,142,Sun,5/22/2022,3.518,0.15,0.15,0.01,1.212,0,1,1,7.68,1,1.062,3.736,0,1.212,4.263,15.7,94.5,78.8,0.1,0.35,5.495,1,1.212,4.263,0.528,0,0,8.613,0.549,8.613,0.091,0,0,0,0,0.5,0,2022,142,Sun,5/22/2022
2022-143,2022,143,Mon,5/23/2022,4.65,0.15,0.15,0.01,1.215,0,1,1,4.954,1,1.065,4.954,0.932,1.215,5.652,15.7,94.5,78.8,0.1,0.35,5.495,0.694,1.17,5.439,0.484,0,0,5.439,0.346,5.439,0.058,0,0,8.613,0,0,0,2022,143,Mon,5/23/2022
2022-144,2022,144,Tue,5/24/2022,5.256,0.15,0.15,0.01,1.219,0,1,1,10.571,1,1.069,5.617,0,1.219,6.405,15.7,94.5,78.8,0.1,0.35,5.495,1,1.219,6.405,0.788,0,0,11.844,0.754,11.844,0.125,0,0,0,0,0,0,2022,144,Tue,5/24/2022
2022-145,2022,145,Wed,5/25/2022,5.792,0.15,0.15,0.01,1.216,0,1,1,5.237,0.848,0.904,5.237,1.273,1.054,6.106,15.7,94.5,78.8,0.1,0.35,5.495,0.378,0.961,5.565,0.328,0,0,5.565,0.354,5.565,0.059,0,0,11.844,0,0,0,2022,145,Wed,5/25/2022
2022-146,2022,146,Thu,5/26/2022,6.962,0.15,0.15,0.01,1.222,0,1,1,7.464,1,1.072,7.464,0.628,1.222,8.508,15.7,94.5,78.8,0.1,0.35,5.495,0.993,1.221,8.501,1.037,0,0,8.201,0.522,8.201,0.087,0,0,5.565,0,0.3,0,2022,146,Thu,5/26/2022
2022-147,2022,147,Fri,5/27/2022,6.034,0.15,0.15,0.01,1.219,0,1,1,10.016,1,1.069,6.452,0,1.219,7.357,15.7,94.5,78.8,0.1,0.35,5.495,0.735,1.179,7.117,0.665,0,0,11.418,0.727,11.418,0.121,0,0,0,0,3.9,0,2022,147,Fri,5/27/2022
2022-148,2022,148,Sat,5/28/2022,3.277,0.15,0.15,0.01,1.2,0,1,1,7.719,0.902,0.947,3.103,0,1.097,3.595,15.7,94.5,78.8,0.1,0.35,5.495,0.42,1.01,3.309,0.206,0,0,9.327,0.594,9.327,0.099,0,0,0,0,5.4,0,2022,148,Sat,5/28/2022
2022-149,2022,149,Sun,5/29/2022,2.394,0.15,0.15,0.01,1.203,0,1,1,2.52,1,1.053,2.52,7.981,1.203,2.879,15.7,94.5,78.8,0.1,0.35,5.495,0.624,1.147,2.745,0.224,3.628,0,0,0,0,0,0,0,0,0,15.7,0,2022,149,Sun,5/29/2022
2022-150,2022,150,Mon,5/30/2022,1.28,0.15,0.15,0.01,1.193,0,1,1,1.334,1,1.043,1.334,6.941,1.193,1.526,15.7,94.5,78.8,0.1,0.35,5.495,1,1.193,1.526,0.192,7.935,0,0,0,0,0,0,0,0,0,9.7,0.239,2022,150,Mon,5/30/2022
2022-151,2022,151,Tue,5/31/2022,3.207,0.182,0.182,0.03,1.184,0.029,1,0.971,4.644,1,1.002,3.214,0,1.184,3.796,18.212,94.5,76.288,0.117,0.35,6.374,1,1.184,3.796,0.583,0,0,3.796,0.208,3.796,0.04,0,0,0,0,0,0,2022,151,Tue,5/31/2022
2022-152,2022,152,Wed,6/1/2022,4.501,0.213,0.213,0.049,1.197,0.056,1,0.944,9.335,1,0.983,4.426,0,1.197,5.386,20.881,94.5,73.619,0.133,0.35,7.308,1,1.197,5.386,0.96,0,0,9.183,0.44,9.183,0.097,0,0,0,0,0,0,2022,152,Wed,6/1/2022
2022-153,2022,153,Thu,6/2/2022,5.548,0.245,0.245,0.069,1.221,0.082,1,0.918,5.859,0.968,0.945,5.241,0,1.19,6.6,23.55,94.5,70.95,0.15,0.35,8.243,0.939,1.175,6.516,1.276,0,0,6.516,0.277,6.516,0.069,0,0,9.183,0,0,0,2022,153,Thu,6/2/2022
2022-154,2022,154,Fri,6/3/2022,5.196,0.277,0.277,0.089,1.215,0.108,1,0.892,11.325,1,0.938,4.875,0,1.215,6.312,26.062,94.5,68.438,0.167,0.35,9.122,1,1.215,6.312,1.437,0,0,12.829,0.492,12.829,0.136,0,0,0,0,0,0,2022,154,Fri,6/3/2022
2022-155,2022,155,Sat,6/4/2022,3.187,0.308,0.308,0.108,1.183,0.138,1,0.862,2.51,0.775,0.679,2.163,2.104,0.987,3.145,28.731,94.5,65.769,0.183,0.35,10.056,0.852,0.941,3,0.837,0,0,2.4,0.084,2.4,0.025,0,0,12.829,0,0.6,0,2022,155,Sat,6/4/2022
2022-156,2022,156,Sun,6/5/2022,2.847,0.34,0.34,0.128,1.162,0.169,1,0.831,2.816,1,0.822,2.341,1.09,1.162,3.309,31.4,94.5,63.1,0.2,0.35,10.99,1,1.162,3.309,0.968,0,0,2.108,0.067,2.108,0.022,0,0,0,0,3.6,0,2022,156,Sun,6/5/2022
2022-157,2022,157,Mon,6/6/2022,4.681,0.372,0.372,0.148,1.203,0.188,1,0.812,7.605,1,0.831,3.891,0,1.203,5.631,33.912,94.5,60.588,0.217,0.35,11.869,1,1.203,5.631,1.74,0,0,7.739,0.228,7.739,0.082,0,0,0,0,0,0,2022,157,Mon,6/6/2022
2022-158,2022,158,Tue,6/7/2022,4.717,0.403,0.403,0.167,1.201,0.214,1,0.786,12.393,1,0.798,3.763,0,1.201,5.666,36.581,94.5,57.919,0.233,0.35,12.803,1,1.201,5.666,1.902,0,0,13.405,0.366,13.405,0.142,0,0,0,0,0,0,2022,158,Tue,6/7/2022
2022-159,2022,159,Wed,6/8/2022,4.514,0.435,0.435,0.187,1.22,0.235,1,0.765,3.114,0.672,0.528,2.381,1.012,0.963,4.345,39.25,94.5,55.25,0.25,0.35,13.737,1,0.963,4.345,1.964,0,0,4.345,0.111,4.345,0.046,0,0,13.405,0,0,0,2022,159,Wed,6/8/2022
2022-160,2022,160,Thu,6/9/2022,5.505,0.467,0.467,0.207,1.208,0.264,1,0.736,8.662,1,0.741,4.082,0,1.208,6.651,41.762,94.5,52.738,0.267,0.35,14.617,1,1.208,6.651,2.569,0,0,10.996,0.263,10.996,0.116,0,0,0,0,0,0,2022,160,Thu,6/9/2022
2022-161,2022,161,Fri,6/10/2022,6.506,0.498,0.498,0.226,1.234,0.283,1,0.717,15.335,1,0.736,4.788,0,1.234,8.03,44.431,94.5,50.069,0.283,0.35,15.551,1,1.234,8.03,3.242,0,0,19.026,0.428,19.026,0.201,0,0,0,0,0,0,2022,161,Fri,6/10/2022
2022-162,2022,162,Sat,6/11/2022,7.188,0.53,0.53,0.246,1.255,0.302,1,0.698,2.894,0.388,0.281,2.022,5.291,0.811,5.831,47.1,94.5,47.4,0.3,0.35,16.485,0.917,0.767,5.515,3.493,0,0,3.915,0.083,3.915,0.041,0,0,19.026,0,1.6,0,2022,162,Sat,6/11/2022
2022-163,2022,163,Sun,6/12/2022,2.524,0.562,0.562,0.266,1.151,0.366,1,0.634,2.343,1,0.589,1.486,1.006,1.151,2.904,49.628,94.5,44.872,0.317,0.35,17.37,1,1.151,2.904,1.418,0,0,2.919,0.059,2.919,0.031,0,0,0,0,3.9,0,2022,163,Sun,6/12/2022
2022-164,2022,164,Mon,6/13/2022,2.837,0.593,0.593,0.285,1.213,0.368,1,0.632,5.126,1,0.62,1.759,0,1.213,3.442,52.314,94.5,42.186,0.333,0.35,18.31,1,1.213,3.442,1.683,0,0,6.361,0.122,6.361,0.067,0,0,0,0,0,0,2022,164,Mon,6/13/2022
2022-165,2022,165,Tue,6/14/2022,4.119,0.625,0.625,0.305,1.24,0.384,1,0.616,9.239,1,0.615,2.534,0,1.24,5.108,54.842,94.5,39.658,0.35,0.35,19.195,1,1.24,5.108,2.574,0,0,11.469,0.209,11.469,0.121,0,0,0,0,0,0,2022,165,Tue,6/14/2022
2022-166,2022,166,Wed,6/15/2022,5.233,0.657,0.657,0.325,1.236,0.412,1,0.588,14.276,0.977,0.566,2.96,0,1.222,6.396,57.528,94.5,36.972,0.367,0.35,20.135,1,1.222,6.396,3.436,0,0,17.866,0.311,17.866,0.189,0,0,0,0,0,0,2022,166,Wed,6/15/2022
2022-167,2022,167,Thu,6/16/2022,8.505,0.688,0.688,0.344,1.284,0.418,1,0.582,18.54,0.49,0.292,2.483,0,0.98,8.337,60.214,94.5,34.286,0.383,0.35,21.075,1,0.98,8.337,5.854,0,0,26.203,0.435,26.203,0.277,0,0,0,0,0,0,2022,167,Thu,6/16/2022
2022-168,2022,168,Fri,6/17/2022,8.294,0.72,0.72,0.364,1.285,0.443,1,0.557,0.659,0.078,0.044,0.367,7.663,0.764,6.339,62.742,94.5,31.758,0.4,0.35,21.96,0.896,0.689,5.718,5.35,0,0,5.718,0.091,5.718,0.061,0,0,26.203,0,0,0,2022,168,Fri,6/17/2022
2022-169,2022,169,Sat,6/18/2022,5.663,0.752,0.752,0.384,1.254,0.485,1,0.515,6.185,1,0.503,2.846,0,1.254,7.103,65.428,94.5,29.072,0.417,0.35,22.9,1,1.254,7.103,4.257,0,0,12.821,0.196,12.821,0.136,0,0,0,0,0,0,2022,169,Sat,6/18/2022
2022-170,2022,170,Sun,6/19/2022,4.53,0.783,0.783,0.403,1.277,0.5,1,0.5,10.662,1,0.494,2.238,0,1.277,5.786,68.114,94.5,26.386,0.433,0.35,23.84,1,1.277,5.786,3.548,0,0,18.607,0.273,18.607,0.197,0,0,0,0,0,0,2022,170,Sun,6/19/2022
2022-171,2022,171,Mon,6/20/2022,5.076,0.815,0.815,0.423,1.245,0.547,1,0.453,14.702,0.839,0.361,1.832,0,1.176,5.969,70.642,94.5,23.858,0.45,0.35,24.725,1,1.176,5.969,4.137,0,0,24.576,0.348,24.576,0.26,0,0,0,0,0,0,2022,171,Mon,6/20/2022
2022-172,2022,172,Tue,6/21/2022,5.119,0.847,0.847,0.443,1.225,0.589,1,0.411,16.817,0.449,0.17,0.87,0,1.017,5.204,73.328,94.5,21.172,0.467,0.35,25.665,1,1.017,5.204,4.334,0,0,29.78,0.406,29.78,0.315,0,0,0,0,0,0,2022,172,Tue,6/21/2022
2022-173,2022,173,Wed,6/22/2022,5.975,0.878,0.878,0.462,1.237,0.611,1,0.389,1.348,0.245,0.088,0.524,12.963,0.966,5.772,76.014,94.5,18.486,0.483,0.35,26.605,0.936,0.91,5.435,4.911,0,0,5.435,0.072,5.435,0.058,0,0,29.78,0,0,0,2022,173,Wed,6/22/2022
2022-174,2022,174,Thu,6/23/2022,6.375,0.91,0.91,0.482,1.263,0.623,1,0.377,7.317,1,0.353,2.253,0,1.263,8.054,78.542,94.5,15.958,0.5,0.35,27.49,1,1.263,8.054,5.801,0,0,13.49,0.172,13.49,0.143,0,0,0,0,0,0,2022,174,Thu,6/23/2022
2022-175,2022,175,Fri,6/24/2022,6.319,0.942,0.942,0.502,1.266,0.651,1,0.349,13.186,1,0.324,2.049,0,1.266,7.999,81.228,94.5,13.272,0.517,0.35,28.43,1,1.266,7.999,5.951,0,0,21.489,0.265,21.489,0.227,0,0,0,0,0,0,2022,175,Fri,6/24/2022
2022-176,2022,176,Sat,6/25/2022,6.418,0.973,0.973,0.521,1.26,0.686,1,0.314,16.676,0.596,0.17,1.094,0,1.144,7.341,83.914,94.5,10.586,0.533,0.35,29.37,1,1.144,7.341,6.246,0,0,28.829,0.344,28.829,0.305,0,0,0,0,0,0,2022,176,Sat,6/25/2022
2022-177,2022,177,Sun,6/26/2022,6.87,1.005,1.005,0.541,1.258,0.719,1,0.281,18.277,0.258,0.065,0.45,0,1.07,7.355,86.442,94.5,8.058,0.55,0.35,30.255,1,1.07,7.355,6.905,0,0,36.184,0.419,36.184,0.383,0,0,0,0,0,0,2022,177,Sun,6/26/2022
2022-178,2022,178,Mon,6/27/2022,6.286,1.037,1.037,0.561,1.239,0.768,1,0.232,0.57,0.104,0.021,0.132,17.907,1.058,6.649,89.128,94.5,5.372,0.567,0.35,31.195,0.914,0.968,6.088,5.956,0,0,6.088,0.068,6.088,0.064,0,0,36.184,0,0,0,2022,178,Mon,6/27/2022
2022-179,2022,179,Tue,6/28/2022,8.518,1.068,1.068,0.58,1.285,0.761,1,0.239,8.29,1,0.217,1.848,0,1.285,10.948,91.814,94.5,2.686,0.583,0.35,32.135,1,1.285,10.948,9.1,0,0,17.036,0.186,17.036,0.18,0,0,0,0,0,0,2022,179,Tue,6/28/2022
2022-180,2022,180,Wed,6/29/2022,7.437,1.1,1.1,0.6,1.301,0.779,1,0.221,15.059,1,0.201,1.494,0,1.301,9.674,94.342,94.5,0.158,0.6,0.35,33.02,1,1.301,9.674,8.181,0,0,26.71,0.283,26.71,0.283,0,0,0,0,0,0,2022,180,Wed,6/29/2022
2022-181,2022,181,Thu,6/30/2022,6.232,1.1,1.1,0.6,1.251,0.825,1,0.175,17.295,0.415,0.063,0.39,0,1.163,7.246,94.5,94.5,0,0.6,0.35,33.075,1,1.163,7.246,6.856,0,0,33.956,0.359,33.956,0.359,0,0,0,0,0,0,2022,181,Thu,6/30/2022
2022-182,2022,182,Fri,7/1/2022,6.603,1.1,1.1,0.6,1.25,0.827,1,0.173,1.133,0.199,0.03,0.196,16.661,1.13,7.46,94.5,94.5,0,0.6,0.35,33.075,0.986,1.114,7.355,7.159,0,0,7.355,0.078,7.355,0.078,0,0,33.956,0,0,0,2022,182,Fri,7/1/2022
2022-183,2022,183,Sat,7/2/2022,4.822,1.1,1.1,0.6,1.234,0.842,1,0.158,5.232,1,0.134,0.646,0,1.234,5.951,94.5,94.5,0,0.6,0.35,33.075,1,1.234,5.951,5.305,0,0,13.306,0.141,13.306,0.141,0,0,0,0,0,0,2022,183,Sat,7/2/2022
2022-184,2022,184,Sun,7/3/2022,6.47,1.1,1.1,0.6,1.252,0.824,1,0.176,10.838,1,0.152,0.984,0,1.252,8.101,94.5,94.5,0,0.6,0.35,33.075,1,1.252,8.101,7.117,0,0,21.408,0.227,21.408,0.227,0,0,0,0,0,0,2022,184,Sun,7/3/2022
2022-185,2022,185,Mon,7/4/2022,6.274,1.1,1.1,0.6,1.246,0.83,1,0.17,15.281,0.822,0.12,0.755,0,1.22,7.656,94.5,94.5,0,0.6,0.35,33.075,1,1.22,7.656,6.902,0,0,29.064,0.308,29.064,0.308,0,0,0,0,0,0,2022,185,Mon,7/4/2022
2022-186,2022,186,Tue,7/5/2022,6.214,1.1,1.1,0.6,1.237,0.839,1,0.161,17.365,0.393,0.054,0.335,0,1.154,7.17,94.5,94.5,0,0.6,0.35,33.075,1,1.154,7.17,6.835,0,0,36.234,0.383,36.234,0.383,0,0,0,0,0,0,2022,186,Tue,7/5/2022
2022-187,2022,187,Wed,7/6/2022,6.395,1.1,1.1,0.6,1.242,0.834,1,0.166,1.052,0.192,0.027,0.175,18.869,1.127,7.209,94.5,94.5,0,0.6,0.35,33.075,0.949,1.071,6.848,6.673,0,0,6.848,0.072,6.848,0.072,0,0,36.234,0,0,0,2022,187,Wed,7/6/2022
2022-188,2022,188,Thu,7/7/2022,6.668,1.1,1.1,0.6,1.249,0.827,1,0.173,6.812,1,0.149,0.995,0,1.249,8.33,94.5,94.5,0,0.6,0.35,33.075,1,1.249,8.33,7.335,0,0,15.178,0.161,15.178,0.161,0,0,0,0,0,0,2022,188,Thu,7/7/2022
2022-189,2022,189,Fri,7/8/2022,7.216,1.1,1.1,0.6,1.262,0.815,1,0.185,13.129,1,0.162,1.17,0,1.262,9.108,94.5,94.5,0,0.6,0.35,33.075,1,1.262,9.108,7.937,0,0,24.286,0.257,24.286,0.257,0,0,0,0,0,0,2022,189,Fri,7/8/2022
2022-190,2022,190,Sat,7/9/2022,7.519,1.1,1.1,0.6,1.279,0.799,1,0.201,17.152,0.601,0.107,0.808,0,1.207,9.079,94.5,94.5,0,0.6,0.35,33.075,1,1.207,9.079,8.271,0,0,33.365,0.353,33.365,0.353,0,0,0,0,0,0,2022,190,Sat,7/9/2022
2022-191,2022,191,Sun,7/10/2022,7.369,1.1,1.1,0.6,1.287,0.792,1,0.208,1.404,0.212,0.04,0.292,16.213,1.14,8.397,94.5,94.5,0,0.6,0.35,33.075,0.995,1.134,8.359,8.067,0,0,8.359,0.088,8.359,0.088,0,0,33.365,0,0,0,2022,191,Sun,7/10/2022
2022-192,2022,192,Mon,7/11/2022,6.023,1.1,1.1,0.6,1.237,0.839,1,0.161,6.539,1,0.137,0.825,0,1.237,7.45,94.5,94.5,0,0.6,0.35,33.075,1,1.237,7.45,6.625,0,0,15.809,0.167,15.809,0.167,0,0,0,0,0,0,2022,192,Mon,7/11/2022
2022-193,2022,193,Tue,7/12/2022,6.289,1.1,1.1,0.6,1.243,0.834,1,0.166,11.934,1,0.143,0.898,0,1.243,7.815,94.5,94.5,0,0.6,0.35,33.075,1,1.243,7.815,6.917,0,0,23.624,0.25,23.624,0.25,0,0,0,0,0,0,2022,193,Tue,7/12/2022
2022-194,2022,194,Wed,7/13/2022,7.955,1.1,1.1,0.6,1.282,0.796,1,0.204,17.028,0.716,0.131,1.04,0,1.231,9.79,94.5,94.5,0,0.6,0.35,33.075,1,1.231,9.79,8.75,0,0,33.414,0.354,33.414,0.354,0,0,0,0,0,0,2022,194,Wed,7/13/2022
2022-195,2022,195,Thu,7/14/2022,5.931,1.1,1.1,0.6,1.232,0.844,1,0.156,1.129,0.224,0.03,0.176,16.387,1.13,6.7,94.5,94.5,0,0.6,0.35,33.075,0.994,1.124,6.663,6.488,0,0,6.663,0.071,6.663,0.071,0,0,33.414,0,0,0,2022,195,Thu,7/14/2022
2022-196,2022,196,Fri,7/15/2022,7.239,1.1,1.1,0.6,1.259,0.818,1,0.182,7.442,1,0.159,1.148,0,1.259,9.111,94.5,94.5,0,0.6,0.35,33.075,1,1.259,9.111,7.963,0,0,15.774,0.167,15.774,0.167,0,0,0,0,0,0,2022,196,Fri,7/15/2022
2022-197,2022,197,Sat,7/16/2022,7.003,1.1,1.1,0.6,1.253,0.824,1,0.176,13.514,1,0.153,1.071,0,1.253,8.774,94.5,94.5,0,0.6,0.35,33.075,1,1.253,8.774,7.703,0,0,24.548,0.26,24.548,0.26,0,0,0,0,0,0,2022,197,Sat,7/16/2022
2022-198,2022,198,Sun,7/17/2022,6.553,1.1,1.1,0.6,1.258,0.818,1,0.182,16.736,0.564,0.089,0.585,0,1.189,7.793,94.5,94.5,0,0.6,0.35,33.075,1,1.189,7.793,7.208,0,0,32.342,0.342,32.342,0.342,0,0,0,0,0,0,2022,198,Sun,7/17/2022
2022-199,2022,199,Mon,7/18/2022,7.626,1.1,1.1,0.6,1.296,0.784,1,0.216,18.48,0.253,0.049,0.377,0,1.149,8.766,94.5,94.5,0,0.6,0.35,33.075,1,1.149,8.766,8.389,0,0,41.107,0.435,41.107,0.435,0,0,0,0,0,0,2022,199,Mon,7/18/2022
2022-200,2022,200,Tue,7/19/2022,6.399,1.1,1.1,0.6,1.251,0.825,1,0.175,0.466,0.084,0.013,0.081,22.628,1.113,7.12,94.5,94.5,0,0.6,0.35,33.075,0.869,0.969,6.2,6.118,0,0,6.2,0.066,6.2,0.066,0,0,41.107,0,0,0,2022,200,Tue,7/19/2022
2022-201,2022,201,Wed,7/20/2022,6.735,1.1,1.1,0.6,1.253,0.824,1,0.176,6.306,1,0.153,1.03,0,1.253,8.439,94.5,94.5,0,0.6,0.35,33.075,1,1.253,8.439,7.409,0,0,14.639,0.155,14.639,0.155,0,0,0,0,0,0,2022,201,Wed,7/20/2022
2022-202,2022,202,Thu,7/21/2022,6.674,1.1,1.1,0.6,1.251,0.825,1,0.175,12.082,1,0.151,1.009,0,1.251,8.351,94.5,94.5,0,0.6,0.35,33.075,1,1.251,8.351,7.342,0,0,22.989,0.243,22.989,0.243,0,0,0,0,0,0,2022,202,Thu,7/21/2022
2022-203,2022,203,Fri,7/22/2022,6.975,1.1,1.1,0.6,1.262,0.815,1,0.185,16.37,0.702,0.114,0.794,0,1.214,8.467,94.5,94.5,0,0.6,0.35,33.075,1,1.214,8.467,7.673,0,0,31.457,0.333,31.457,0.333,0,0,0,0,0,0,2022,203,Fri,7/22/2022
2022-204,2022,204,Sat,7/23/2022,6.578,1.1,1.1,0.6,1.255,0.822,1,0.178,18.015,0.288,0.045,0.293,0,1.145,7.53,94.5,94.5,0,0.6,0.35,33.075,1,1.145,7.53,7.236,0,0,38.986,0.413,38.986,0.413,0,0,0,0,0,0,2022,204,Sat,7/23/2022
2022-205,2022,205,Sun,7/24/2022,7.993,1.1,1.1,0.6,1.288,0.791,1,0.209,0.926,0.129,0.024,0.194,20.971,1.124,8.986,94.5,94.5,0,0.6,0.35,33.075,0.904,1.018,8.14,7.946,0,0,8.14,0.086,8.14,0.086,0,0,38.986,0,0,0,2022,205,Sun,7/24/2022
2022-206,2022,206,Mon,7/25/2022,6.998,1.1,1.1,0.6,1.264,0.813,1,0.187,7.063,1,0.164,1.148,0,1.264,8.845,94.5,94.5,0,0.6,0.35,33.075,1,1.264,8.845,7.698,0,0,16.985,0.18,16.985,0.18,0,0,0,0,0,0,2022,206,Mon,7/25/2022
2022-207,2022,207,Tue,7/26/2022,7.155,1.1,1.1,0.6,1.264,0.813,1,0.187,13.339,1,0.164,1.174,0,1.264,9.045,94.5,94.5,0,0.6,0.35,33.075,1,1.264,9.045,7.871,0,0,26.03,0.275,26.03,0.275,0,0,0,0,0,0,2022,207,Tue,7/26/2022
2022-208,2022,208,Wed,7/27/2022,6.729,1.1,1.1,0.6,1.256,0.821,1,0.179,16.737,0.581,0.09,0.608,0,1.19,8.01,94.5,94.5,0,0.6,0.35,33.075,1,1.19,8.01,7.402,0,0,34.039,0.36,34.039,0.36,0,0,0,0,0,0,2022,208,Wed,7/27/2022
2022-209,2022,209,Thu,7/28/2022,6.747,1.1,1.1,0.6,1.254,0.822,1,0.178,1.479,0.253,0.039,0.263,17.303,1.139,7.684,94.5,94.5,0,0.6,0.35,33.075,0.984,1.122,7.568,7.305,0,0,7.568,0.08,7.568,0.08,0,0,34.039,0,0,0,2022,209,Thu,7/28/2022
2022-210,2022,210,Fri,7/29/2022,6.313,1.1,1.1,0.6,1.246,0.831,1,0.169,6.912,1,0.146,0.919,0,1.246,7.864,94.5,94.5,0,0.6,0.35,33.075,1,1.246,7.864,6.945,0,0,15.432,0.163,15.432,0.163,0,0,0,0,0,0,2022,210,Fri,7/29/2022
2022-211,2022,211,Sat,7/30/2022,7.079,1.1,1.1,0.6,1.262,0.815,1,0.185,13.108,1,0.162,1.148,0,1.262,8.935,94.5,94.5,0,0.6,0.35,33.075,1,1.262,8.935,7.787,0,0,24.366,0.258,24.366,0.258,0,0,0,0,0,0,2022,211,Sat,7/30/2022
2022-212,2022,212,Sun,7/31/2022,5.692,1.1,1.1,0.6,1.237,0.839,1,0.161,16.036,0.603,0.083,0.47,0,1.183,6.731,94.5,94.5,0,0.6,0.35,33.075,1,1.183,6.731,6.261,0,0,31.098,0.329,31.098,0.329,0,0,0,0,0,0,2022,212,Sun,7/31/2022
2022-213,2022,213,Mon,8/1/2022,5.71,1.1,1.1,0.6,1.245,0.832,1,0.168,17.607,0.32,0.046,0.264,0,1.146,6.546,94.5,94.5,0,0.6,0.35,33.075,1,1.146,6.546,6.281,0,0,37.644,0.398,37.644,0.398,0,0,0,0,0,0,2022,213,Mon,8/1/2022
2022-214,2022,214,Tue,8/2/2022,6.069,1.1,1.1,0.6,1.252,0.825,1,0.175,0.885,0.168,0.026,0.155,20.036,1.126,6.831,94.5,94.5,0,0.6,0.35,33.075,0.926,1.044,6.335,6.18,0,0,6.335,0.067,6.335,0.067,0,0,37.644,0,0,0,2022,214,Tue,8/2/2022
2022-215,2022,215,Wed,8/3/2022,5.781,1.1,1.1,0.6,1.224,0.853,1,0.147,5.748,1,0.124,0.717,0,1.224,7.076,94.5,94.5,0,0.6,0.35,33.075,1,1.224,7.076,6.359,0,0,13.411,0.142,13.411,0.142,0,0,0,0,0,0,2022,215,Wed,8/3/2022
2022-216,2022,216,Thu,8/4/2022,6.374,1.1,1.1,0.6,1.251,0.826,1,0.174,11.261,1,0.151,0.96,0,1.251,7.972,94.5,94.5,0,0.6,0.35,33.075,1,1.251,7.972,7.011,0,0,21.383,0.226,21.383,0.226,0,0,0,0,0,0,2022,216,Thu,8/4/2022
2022-217,2022,217,Fri,8/5/2022,2.335,1.1,1.1,0.6,1.15,0.935,1,0.065,7.776,0.782,0.039,0.091,0,1.139,2.66,94.5,94.5,0,0.6,0.35,33.075,1,1.139,2.66,2.569,0,0,19.143,0.203,19.143,0.203,0,0,0,0,4.9,0,2022,217,Fri,8/5/2022
2022-218,2022,218,Sat,8/6/2022,4.31,1.1,1.1,0.6,1.181,0.899,1,0.101,11.235,1,0.081,0.348,0,1.181,5.089,94.5,94.5,0,0.6,0.35,33.075,1,1.181,5.089,4.741,0,0,24.232,0.256,24.232,0.256,0,0,0,0,0,0,2022,218,Sat,8/6/2022
2022-219,2022,219,Sun,8/7/2022,5.972,1.1,1.1,0.6,1.257,0.82,1,0.18,15.311,0.784,0.123,0.734,0,1.223,7.303,94.5,94.5,0,0.6,0.35,33.075,1,1.223,7.303,6.57,0,0,31.535,0.334,31.535,0.334,0,0,0,0,0,0,2022,219,Sun,8/7/2022
2022-220,2022,220,Mon,8/8/2022,4.812,1.1,1.1,0.6,1.237,0.839,1,0.161,16.912,0.39,0.053,0.257,0,1.153,5.55,94.5,94.5,0,0.6,0.35,33.075,1,1.153,5.55,5.293,0,0,37.085,0.392,37.085,0.392,0,0,0,0,0,0,2022,220,Mon,8/8/2022
2022-221,2022,221,Tue,8/9/2022,4.858,1.1,1.1,0.6,1.24,0.836,1,0.164,0.979,0.236,0.033,0.16,20.173,1.133,5.504,94.5,94.5,0,0.6,0.35,33.075,0.935,1.061,5.155,4.995,0,0,5.155,0.055,5.155,0.055,0,0,37.085,0,0,0,2022,221,Tue,8/9/2022
2022-222,2022,222,Wed,8/10/2022,4.425,1.1,1.1,0.6,1.209,0.868,1,0.132,4.243,1,0.109,0.484,0,1.209,5.352,94.5,94.5,0,0.6,0.35,33.075,1,1.209,5.352,4.868,0,0,10.107,0.107,10.107,0.107,0,0,0,0,0.4,0,2022,222,Wed,8/10/2022
2022-223,2022,223,Thu,8/11/2022,5.878,1.1,1.1,0.6,1.231,0.846,1,0.154,9.223,1,0.131,0.768,0,1.231,7.234,94.5,94.5,0,0.6,0.35,33.075,1,1.231,7.234,6.466,0,0,17.341,0.184,17.341,0.184,0,0,0,0,0,0,2022,223,Thu,8/11/2022
2022-224,2022,224,Fri,8/12/2022,6.427,1.1,1.1,0.6,1.241,0.835,1,0.165,14.608,0.978,0.138,0.886,0,1.238,7.957,94.5,94.5,0,0.6,0.35,33.075,1,1.238,7.957,7.07,0,0,25.298,0.268,25.298,0.268,0,0,0,0,0,0,2022,224,Fri,8/12/2022
2022-225,2022,225,Sat,8/13/2022,5.615,1.1,1.1,0.6,1.227,0.85,1,0.15,16.778,0.458,0.058,0.326,0,1.158,6.502,94.5,94.5,0,0.6,0.35,33.075,1,1.158,6.502,6.177,0,0,31.8,0.337,31.8,0.337,0,0,0,0,0,0,2022,225,Sat,8/13/2022
2022-226,2022,226,Sun,8/14/2022,6.152,1.1,1.1,0.6,1.26,0.817,1,0.183,18.113,0.248,0.04,0.244,0,1.14,7.011,94.5,94.5,0,0.6,0.35,33.075,1,1.14,7.011,6.767,0,0,38.811,0.411,38.811,0.411,0,0,0,0,0,0,2022,226,Sun,8/14/2022
2022-227,2022,227,Mon,8/15/2022,4.583,1.1,1.1,0.6,1.237,0.839,1,0.161,0.467,0.12,0.016,0.075,20.698,1.116,5.116,94.5,94.5,0,0.6,0.35,33.075,0.907,1.014,4.645,4.57,0,0,4.645,0.049,4.645,0.049,0,0,38.811,0,0,0,2022,227,Mon,8/15/2022
2022-228,2022,228,Tue,8/16/2022,5.465,1.1,1.1,0.6,1.24,0.836,1,0.164,5.143,1,0.14,0.765,0,1.24,6.777,94.5,94.5,0,0.6,0.35,33.075,1,1.24,6.777,6.012,0,0,11.423,0.121,11.423,0.121,0,0,0,0,0,0,2022,228,Tue,8/16/2022
2022-229,2022,229,Wed,8/17/2022,5.507,1.1,1.1,0.6,1.24,0.836,1,0.164,9.854,1,0.14,0.771,0,1.24,6.829,94.5,94.5,0,0.6,0.35,33.075,1,1.24,6.829,6.057,0,0,18.251,0.193,18.251,0.193,0,0,0,0,0,0,2022,229,Wed,8/17/2022
2022-230,2022,230,Thu,8/18/2022,5.959,1.1,1.1,0.6,1.26,0.816,1,0.184,14.631,0.918,0.147,0.877,0,1.247,7.431,94.5,94.5,0,0.6,0.35,33.075,1,1.247,7.431,6.555,0,0,25.682,0.272,25.682,0.272,0,0,0,0,0,0,2022,230,Thu,8/18/2022
2022-231,2022,231,Fri,8/19/2022,5.037,1.1,1.1,0.6,1.221,0.855,1,0.145,16.157,0.456,0.055,0.279,0,1.155,5.819,94.5,94.5,0,0.6,0.35,33.075,1,1.155,5.819,5.54,0,0,31.102,0.329,31.102,0.329,0,0,0,0,0.4,0,2022,231,Fri,8/19/2022
2022-232,2022,232,Sat,8/20/2022,4.527,1.1,1.1,0.6,1.198,0.88,1,0.12,17.299,0.309,0.03,0.137,0,1.13,5.117,94.5,94.5,0,0.6,0.35,33.075,1,1.13,5.117,4.98,0,0,36.218,0.383,36.218,0.383,0,0,0,0,0,0,2022,232,Sat,8/20/2022
2022-233,2022,233,Sun,8/21/2022,5.273,1.1,1.1,0.6,1.232,0.844,1,0.156,0.886,0.198,0.026,0.138,18.919,1.126,5.938,94.5,94.5,0,0.6,0.35,33.075,0.949,1.07,5.641,5.503,0,0,5.641,0.06,5.641,0.06,0,0,36.218,0,0,0,2022,233,Sun,8/21/2022
2022-234,2022,234,Mon,8/22/2022,5.691,1.1,1.1,0.6,1.251,0.825,1,0.175,5.811,1,0.151,0.86,0,1.251,7.119,94.5,94.5,0,0.6,0.35,33.075,1,1.251,7.119,6.26,0,0,12.761,0.135,12.761,0.135,0,0,0,0,0,0,2022,234,Mon,8/22/2022
2022-235,2022,235,Tue,8/23/2022,5.279,1.1,1.1,0.6,1.244,0.833,1,0.167,10.345,1,0.144,0.759,0,1.244,6.566,94.5,94.5,0,0.6,0.35,33.075,1,1.244,6.566,5.807,0,0,19.327,0.205,19.327,0.205,0,0,0,0,0,0,2022,235,Tue,8/23/2022
2022-236,2022,236,Wed,8/24/2022,5.566,1.1,1.1,0.6,1.257,0.82,1,0.18,14.56,0.87,0.136,0.759,0,1.236,6.881,94.5,94.5,0,0.6,0.35,33.075,1,1.236,6.881,6.122,0,0,26.208,0.277,26.208,0.277,0,0,0,0,0,0,2022,236,Wed,8/24/2022
2022-237,2022,237,Thu,8/25/2022,6.242,1.1,1.1,0.6,1.268,0.809,1,0.191,17.103,0.463,0.078,0.485,0,1.178,7.351,94.5,94.5,0,0.6,0.35,33.075,1,1.178,7.351,6.866,0,0,33.559,0.355,33.559,0.355,0,0,0,0,0,0,2022,237,Thu,8/25/2022
2022-238,2022,238,Fri,8/26/2022,6.5,1.1,1.1,0.6,1.277,0.801,1,0.199,1.254,0.217,0.038,0.25,16.456,1.138,7.4,94.5,94.5,0,0.6,0.35,33.075,0.992,1.13,7.343,7.094,0,0,7.343,0.078,7.343,0.078,0,0,33.559,0,0,0,2022,238,Fri,8/26/2022
2022-239,2022,239,Sat,8/27/2022,6.474,1.1,1.1,0.6,1.293,0.786,1,0.214,7.1,1,0.193,1.249,0,1.293,8.37,94.5,94.5,0,0.6,0.35,33.075,1,1.293,8.37,7.121,0,0,15.714,0.166,15.714,0.166,0,0,0,0,0,0,2022,239,Sat,8/27/2022
2022-240,2022,240,Sun,8/28/2022,6.031,1.1,1.1,0.6,1.29,0.789,1,0.211,12.529,1,0.19,1.144,0,1.29,7.778,94.5,94.5,0,0.6,0.35,33.075,1,1.29,7.778,6.634,0,0,23.492,0.249,23.492,0.249,0,0,0,0,0,0,2022,240,Sun,8/28/2022
2022-241,2022,241,Mon,8/29/2022,5.305,1.1,1.1,0.6,1.253,0.824,1,0.176,15.561,0.659,0.101,0.535,0,1.201,6.371,94.5,94.5,0,0.6,0.35,33.075,1,1.201,6.371,5.836,0,0,29.863,0.316,29.863,0.316,0,0,0,0,0,0,2022,241,Mon,8/29/2022
2022-242,2022,242,Tue,8/30/2022,4.988,1.1,1.1,0.6,1.24,0.836,1,0.164,17.123,0.366,0.051,0.256,0,1.151,5.743,94.5,94.5,0,0.6,0.35,33.075,1,1.151,5.743,5.487,0,0,35.606,0.377,35.606,0.377,0,0,0,0,0,0,2022,242,Tue,8/30/2022
2022-243,2022,243,Wed,8/31/2022,6.556,1.1,1.1,0.6,1.262,0.815,1,0.185,1.235,0.215,0.035,0.229,18.483,1.135,7.44,94.5,94.5,0,0.6,0.35,33.075,0.959,1.09,7.143,6.914,0,0,7.143,0.076,7.143,0.076,0,0,35.606,0,0,0,2022,243,Wed,8/31/2022
2022-244,2022,244,Thu,9/1/2022,7.998,1.1,1.1,0.6,1.297,0.782,1,0.218,8.488,1,0.197,1.578,0,1.297,10.375,94.5,94.5,0,0.6,0.35,33.075,1,1.297,10.375,8.798,0,0,17.518,0.185,17.518,0.185,0,0,0,0,0,0,2022,244,Thu,9/1/2022
2022-245,2022,245,Fri,9/2/2022,4.195,1.1,1.1,0.6,1.237,0.839,1,0.161,12.066,1,0.137,0.575,0,1.237,5.189,94.5,94.5,0,0.6,0.35,33.075,1,1.237,5.189,4.615,0,0,22.708,0.24,22.708,0.24,0,0,0,0,0,0,2022,245,Fri,9/2/2022
2022-246,2022,246,Sat,9/3/2022,8.329,1.1,1.1,0.6,1.288,0.791,1,0.209,17.333,0.704,0.132,1.102,0,1.232,10.264,94.5,94.5,0,0.6,0.35,33.075,1,1.232,10.264,9.161,0,0,32.972,0.349,32.972,0.349,0,0,0,0,0,0,2022,246,Sat,9/3/2022
2022-247,2022,247,Sun,9/4/2022,7.327,1.1,1.1,0.6,1.281,0.797,1,0.203,18.607,0.195,0.035,0.258,0,1.135,8.317,94.5,94.5,0,0.6,0.35,33.075,1,1.135,8.317,8.059,0,0,41.289,0.437,41.289,0.437,0,0,0,0,0,0,2022,247,Sun,9/4/2022
2022-248,2022,248,Mon,9/5/2022,6.736,1.1,1.1,0.6,1.273,0.804,1,0.196,0.428,0.072,0.012,0.084,22.682,1.112,7.493,94.5,94.5,0,0.6,0.35,33.075,0.866,0.965,6.503,6.419,0,0,6.503,0.069,6.503,0.069,0,0,41.289,0,0,0,2022,248,Mon,9/5/2022
2022-249,2022,249,Tue,9/6/2022,6.172,1.1,1.1,0.6,1.257,0.82,1,0.18,5.801,1,0.157,0.967,0,1.257,7.757,94.5,94.5,0,0.6,0.35,33.075,1,1.257,7.757,6.79,0,0,14.259,0.151,14.259,0.151,0,0,0,0,0,0,2022,249,Tue,9/6/2022
2022-250,2022,250,Wed,9/7/2022,7.138,1.1,1.1,0.6,1.275,0.803,1,0.197,12.132,1,0.175,1.25,0,1.275,9.102,94.5,94.5,0,0.6,0.35,33.075,1,1.275,9.102,7.852,0,0,23.361,0.247,23.361,0.247,0,0,0,0,0,0,2022,250,Wed,9/7/2022
2022-251,2022,251,Thu,9/8/2022,6.959,1.078,1.078,0.6,1.338,0.725,1,0.275,16.725,0.697,0.181,1.263,0,1.259,8.761,94.5,94.5,0,0.6,0.35,33.075,1,1.259,8.761,7.498,0,0,32.122,0.34,32.122,0.34,0,0,0,0,0,0,2022,251,Thu,9/8/2022
2022-252,2022,252,Fri,9/9/2022,4.101,1.055,1.055,0.6,1.246,0.78,1,0.22,17.626,0.254,0.048,0.198,0,1.103,4.524,94.5,94.5,0,0.6,0.35,33.075,1,1.103,4.524,4.326,0,0,36.646,0.388,36.646,0.388,0,0,0,0,0,0,2022,252,Fri,9/9/2022
2022-253,2022,253,Sat,9/10/2022,6.244,1.033,1.033,0.6,1.294,0.714,1,0.286,0.949,0.167,0.043,0.271,19.02,1.076,6.718,94.5,94.5,0,0.6,0.35,33.075,0.942,1.016,6.343,6.072,0,0,6.343,0.067,6.343,0.067,0,0,36.646,0,0,0,2022,253,Sat,9/10/2022
2022-254,2022,254,Sun,9/11/2022,5.679,1.01,1.01,0.6,1.264,0.714,1,0.286,5.999,1,0.254,1.443,0,1.264,7.178,94.5,94.5,0,0.6,0.35,33.075,1,1.264,7.178,5.736,0,0,13.522,0.143,13.522,0.143,0,0,0,0,0,0,2022,254,Sun,9/11/2022
2022-255,2022,255,Mon,9/12/2022,5.74,0.988,0.988,0.6,1.266,0.689,1,0.311,11.13,1,0.278,1.598,0,1.266,7.266,94.5,94.5,0,0.6,0.35,33.075,1,1.266,7.266,5.668,0,0,20.788,0.22,20.788,0.22,0,0,0,0,0,0,2022,255,Mon,9/12/2022
2022-256,2022,256,Tue,9/13/2022,3.145,0.965,0.965,0.6,1.23,0.693,1,0.307,12.09,0.794,0.21,0.662,0,1.175,3.697,94.5,94.5,0,0.6,0.35,33.075,1,1.175,3.697,3.035,0,0,23.285,0.246,23.285,0.246,0,0,0,0,1.2,0,2022,256,Tue,9/13/2022
2022-257,2022,257,Wed,9/14/2022,3.366,0.943,0.943,0.6,1.184,0.708,1,0.292,14.04,0.701,0.169,0.57,0,1.112,3.742,94.5,94.5,0,0.6,0.35,33.075,1,1.112,3.742,3.172,0,0,27.027,0.286,27.027,0.286,0,0,0,0,0,0,2022,257,Wed,9/14/2022
2022-258,2022,258,Thu,9/15/2022,3.117,0.92,0.92,0.6,1.201,0.668,1,0.332,13.49,0.513,0.144,0.449,0,1.064,3.316,94.5,94.5,0,0.6,0.35,33.075,1,1.064,3.316,2.867,0,0,28.443,0.301,28.443,0.301,0,0,0,0,1.9,0,2022,258,Thu,9/15/2022
2022-259,2022,259,Fri,9/16/2022,3.935,0.898,0.898,0.6,1.235,0.616,1,0.384,14.049,0.566,0.191,0.752,0,1.089,4.284,94.5,94.5,0,0.6,0.35,33.075,1,1.089,4.284,3.532,0,0,31.327,0.332,31.327,0.332,0,0,0,0,1.4,0,2022,259,Fri,9/16/2022
2022-260,2022,260,Sat,9/17/2022,3.821,0.875,0.875,0.6,1.237,0.59,1,0.41,15.78,0.512,0.186,0.709,0,1.061,4.052,94.5,94.5,0,0.6,0.35,33.075,1,1.061,4.052,3.343,0,0,35.379,0.374,35.379,0.374,0,0,0,0,0,0,2022,260,Sat,9/17/2022
2022-261,2022,261,Sun,9/18/2022,5.434,0.853,0.853,0.6,1.293,0.531,1,0.469,1.761,0.345,0.152,0.826,19.599,1.004,5.459,94.5,94.5,0,0.6,0.35,33.075,0.962,0.973,5.285,4.459,0,0,5.285,0.056,5.285,0.056,0,0,35.379,0,0,0,2022,261,Sun,9/18/2022
2022-262,2022,262,Mon,9/19/2022,5.091,0.83,0.83,0.6,1.266,0.525,1,0.475,6.435,1,0.436,2.219,0,1.266,6.445,94.5,94.5,0,0.6,0.35,33.075,1,1.266,6.445,4.226,0,0,11.73,0.124,11.73,0.124,0,0,0,0,0,0,2022,262,Mon,9/19/2022
2022-263,2022,263,Tue,9/20/2022,5.364,0.808,0.808,0.6,1.273,0.498,1,0.502,11.417,1,0.466,2.498,0,1.273,6.83,94.5,94.5,0,0.6,0.35,33.075,1,1.273,6.83,4.332,0,0,18.56,0.196,18.56,0.196,0,0,0,0,0,0,2022,263,Tue,9/20/2022
2022-264,2022,264,Wed,9/21/2022,5.028,0.785,0.785,0.6,1.288,0.468,1,0.532,14.163,0.766,0.386,1.938,0,1.171,5.885,94.5,94.5,0,0.6,0.35,33.075,1,1.171,5.885,3.947,0,0,23.545,0.249,23.545,0.249,0,0,0,0,0.9,0,2022,264,Wed,9/21/2022
2022-265,2022,265,Thu,9/22/2022,3.079,0.763,0.763,0.6,1.245,0.47,1,0.53,15.568,0.501,0.242,0.745,0,1.004,3.092,94.5,94.5,0,0.6,0.35,33.075,1,1.004,3.092,2.348,0,0,26.637,0.282,26.637,0.282,0,0,0,0,0,0,2022,265,Thu,9/22/2022
2022-266,2022,266,Fri,9/23/2022,3.787,0.74,0.74,0.6,1.246,0.447,1,0.553,16.835,0.365,0.185,0.701,0,0.925,3.503,94.5,94.5,0,0.6,0.35,33.075,1,0.925,3.503,2.802,0,0,30.14,0.319,30.14,0.319,0,0,0,0,0,0,2022,266,Fri,9/23/2022
2022-267,2022,267,Sat,9/24/2022,3.743,0.718,0.718,0.6,1.249,0.423,1,0.577,17.674,0.243,0.129,0.484,0,0.847,3.17,94.5,94.5,0,0.6,0.35,33.075,1,0.847,3.17,2.686,0,0,33.309,0.352,33.309,0.352,0,0,0,0,0,0,2022,267,Sat,9/24/2022
2022-268,2022,268,Sun,9/25/2022,3.217,0.695,0.695,0.6,1.237,0.408,1,0.592,0.477,0.162,0.088,0.282,15.636,0.783,2.518,94.5,94.5,0,0.6,0.35,33.075,0.996,0.78,2.509,2.227,0,0,2.509,0.027,2.509,0.027,0,0,33.309,0,0,0,2022,268,Sun,9/25/2022
2022-269,2022,269,Mon,9/26/2022,4.19,0.673,0.673,0.6,1.251,0.379,1,0.621,4.384,1,0.579,2.425,0,1.251,5.243,94.5,94.5,0,0.6,0.35,33.075,1,1.251,5.243,2.818,0,0,7.752,0.082,7.752,0.082,0,0,0,0,0,0,2022,269,Mon,9/26/2022
2022-270,2022,270,Tue,9/27/2022,5.284,0.65,0.65,0.6,1.266,0.352,1,0.648,9.407,1,0.616,3.254,0,1.266,6.688,94.5,94.5,0,0.6,0.35,33.075,1,1.266,6.688,3.434,0,0,14.44,0.153,14.44,0.153,0,0,0,0,0,0,2022,270,Tue,9/27/2022
